Medical Specialization,Doctors
Addiction Medicine,Dr. Rakesh Kumar
Addiction Specialist,Dr. Poonam Sharma
Allergy & Immunology,Dr. Arvind Gupta
Allergist,Dr. Sandhya Desai
Allergist/Immunologist,Dr. Vijay Verma
Anesthesiology,Dr. Rajesh Singh
Bariatric Surgeon,Dr. Preeti Jain
Cardiology,Dr. Akash Mehta
Cardiologist,Dr. Deepak Patil
Cardiothoracic Surgery,Dr. Shalini Rao
Cardiovascular Surgery,Dr. Sameer Joshi
Clinical Toxicology,Dr. Prakash Reddy
Critical Care,Dr. Aanachal Kapoor
Critical Care Medicine,Dr. Sanjay Dubey
Critical Care Physician,Dr. Kiran Chauhan
Critical Care Specialist,Dr. Mukesh Kumar
Dentistry,Dr. Priya Iyer
Dentist,Dr. Ashok Aggarwal
Dermatology,Dr. Ritu Bhargava
Dermatologist,Dr. Vishwas Naik
Dietitian,Dr. Sneha Kulkarni
Emergency Medicine,Dr. Ravi Pandey
Emergency Medicine Physician,Dr. Sameera Patel
Endocrinology,Dr. Nidhi Kapoor
Endocrinologist,Dr. Vikas Jain
Environmental Health,Dr. Priyanka Sinha
Environmental Medicine Specialist,Dr. Rajeev Nair
Entomology,Dr. Kavita Goel
Gastroenterology,Dr. Ankit Thakur
Gastroenterologist,Dr. Megha Sharma
Genetics,Dr. Hemant Gupta
Geneticist,Dr. Rohit Mishra
Geriatrics,Dr. Smita Reddy
Geriatrician,Dr. Abhay Mehta
Gynecology,Dr. Sunita Rao
Gynecologist,Dr. Anita Deshmukh
Hand Surgery,Dr. Prashant Yadav
Hematology,Dr. Alok Saxena
Hematologist,Dr. Rekha Menon
Hepatology,Dr. Sudhir Malhotra
Hepatologist,Dr. Seema Anand
Immunology,Dr. Vivek Shah
Immunologist,Dr. Sunil Kulkarni
Infectious Disease,Dr. Manju Narayan
Infectious Disease Specialist,Dr. Nishant Singh
Internal Medicine,Dr. Ajay Kumar
Medical Physicist,Dr. Shruti Bose
Neonatologist,Dr. Preeti Mathur
Nephrology,Dr. Rakesh Chopra
Nephrologist,Dr. Sushil Verma
Neurology,Dr. Lakshmi Prasad
Neurologist,Dr. Rajeev Mohan
Neurosurgery,Dr. Anurag Sinha
Neurosurgeon,Dr. Aditi Ghosh
Nutrition,Dr. Ruchi Shah
Nutritionist,Dr. Karan Agarwal
Obstetrics,Dr. Reena Kapoor
Obstetrician,Dr. Shweta Shukla
Obstetrician-Gynecologist (OB-GYN),Dr. Meena Iyer
Oncology,Dr. Neeraj Gupta
Oncologist,Dr. Aarti Patil
Ophthalmology,Dr. Viraj Patel
Ophthalmologist,Dr. Satish Kumar
Oral Surgeon,Dr. Nandini Mehta
Orthopedic Oncology,Dr. Ajay Saxena
Orthopedic Surgeon,Dr. Sumit Chawla
Orthopedics,Dr. Mehul Patel
Otolaryngology,Dr. Anil Tyagi
Otolaryngologist,Dr. Vinod Dubey
Pain Management,Dr. Madhavi Rao
Pediatric Cardiology,Dr. Mohit Sharma
Pediatric Endocrinologist,Dr. Namrata Singh
Pediatric Medicine,Dr. Ravi Nair
Pediatric Neurologist,Dr. Vandana Patil
Pediatric Oncologist,Dr. Abhishek Mehra
Pediatric Rheumatologist,Dr. Smriti Chawla
Pediatric Surgeon,Dr. Yash Mehta
Pediatrician,Dr. Sangeeta Desai
Physical Medicine Specialist,Dr. Anand Menon
Physical Therapy,Dr. Sujata Pillai
Physical Therapist,Dr. Manoj Nair
Plastic Surgery,Dr. Ananya Gupta
Plastic Surgeon,Dr. Gaurav Bhatia
Pulmonology,Dr. Neha Sinha
Pulmonologist,Dr. Atul Reddy
Primary Care Physician,Dr. Ranjit Iyer
Psychology,Dr. Anita Singh
Psychiatrist,Dr. Mehul Shah
Rehabilitation Medicine,Dr. Vikas Pandey
Rehabilitation Specialist,Dr. Preeti Chaudhary
Radiology,Dr. Nilesh Rao
Reproductive Endocrinology,Dr. Deepika Kumar
Rheumatology,Dr. Alka Desai
Rheumatologist,Dr. Suresh Mohanty
Sleep Medicine,Dr. Vivek Bhargava
Sleep Specialist,Dr. Anuradha Chawla
Speech Therapist,Dr. Kavya Menon
Surgical Oncology,Dr. Piyush Tiwari
Surgeon,Dr. Sameer Patil
Toxicology,Dr. Kiran Rao
Toxicologist,Dr. Sanjay Bhardwaj
Transplant Surgeon,Dr. Nidhi Verma
Urology,Dr. Sahil Gupta
Urologist,Dr. Neeraj Sharma
Vascular Medicine,Dr. Deepak Iyer
Vascular Surgeon,Dr. Dinesh Kapoor
Veterinary Medicine,Dr. Manoj Joshi
